{
  "project_info": {
    "project_number": "931767576481",
    "firebase_url": "https://wave-of-food-2c888-default-rtdb.firebaseio.com",
    "project_id": "wave-of-food-2c888",
    "storage_bucket": "wave-of-food-2c888.firebasestorage.app"
  },
  "client": [
    {
      "client_info": {
        "mobilesdk_app_id": "1:931767576481:android:90f5b669de86a19755cde0",
        "android_client_info": {
          "package_name": "com.example.waveoffood"
        }
      },
      "oauth_client": [
        {
          "client_id": "931767576481-fj34uevd8hs97s9r9uqq3l7ffuaanco3.apps.googleusercontent.com",
          "client_type": 3
        }
      ],
      "api_key": [
        {
          "current_key": "AIzaSyAoQ976zL2Rgpv0GmlSLy1qOhFwI6dRknc"
        }
      ],
      "services": {
        "appinvite_service": {
          "other_platform_oauth_client": [
            {
              "client_id": "931767576481-fj34uevd8hs97s9r9uqq3l7ffuaanco3.apps.googleusercontent.com",
              "client_type": 3
            }
          ]
        }
      }
    },
    {
      "client_info": {
        "mobilesdk_app_id": "1:931767576481:android:7338738c66fdd44655cde0",
        "android_client_info": {
          "package_name": "com.example.waveoffoodadmin"
        }
      },
      "oauth_client": [
        {
          "client_id": "931767576481-fj34uevd8hs97s9r9uqq3l7ffuaanco3.apps.googleusercontent.com",
          "client_type": 3
        }
      ],
      "api_key": [
        {
          "current_key": "AIzaSyAoQ976zL2Rgpv0GmlSLy1qOhFwI6dRknc"
        }
      ],
      "services": {
        "appinvite_service": {
          "other_platform_oauth_client": [
            {
              "client_id": "931767576481-fj34uevd8hs97s9r9uqq3l7ffuaanco3.apps.googleusercontent.com",
              "client_type": 3
            }
          ]
        }
      }
    }
  ],
  "configuration_version": "1"
}